1,Emily Davis,1980-08-13,emily@example.com
2,Joshua Garcia,1985-09-02,joshua@example.com
3,Olivia Martinez,1978-12-04,olivia@example.com
4,Matthew Hernandez,1982-07-23,matthew@example.com
5,Sophia Lee,1981-10-01,sophia@example.com
6,Ava Lewis,1984-01-15,ava@example.com
7,Isabella Williams,1983-03-12,isabella@example.com
8,Mia Anderson,1986-05-10,mia@example.com
9,Abigail Clark,1987-06-08,abigail@example.com
10,Elizabeth Rodriguez,1989-02-27,elizabeth@example.com
11,Samantha Lee,1988-04-05,samantha@example.com
12,Lily Lewis,1990-06-15,lily@example.com
13,Chloe Lee,1991-08-13,chloe@example.com
14,Samantha Williams,1992-10-01,samantha@example.com
15,Mia Martinez,1993-12-04,mia@example.com
16,Sophia Garcia,1994-02-27,sophia@example.com
17,Olivia Davis,1995-04-05,olivia@example.com
18,Isabella Lewis,1996-06-15,isabella@example.com
19,Ava Rodriguez,1997-08-13,ava@example.com
20,Chloe Hernandez,1998-10-01,chloe@example.com
H20,Pum,2005-12-07,pumcutii@gmail.com
