1,John Doe,1985-04-12,john@example.com
2,Jane Smith,1990-06-15,jane@example.com
3,Bob Johnson,1982-01-20,bob@example.com
4,Emily Davis,1988-03-25,emily@example.com
5,Joshua Garcia,1991-05-30,joshua@example.com
6,Olivia Martinez,1993-07-31,olivia@example.com
7,Matthew Hernandez,1994-09-30,matthew@example.com
8,Sophia Lee,1995-11-30,sophia@example.com
9,Abigail Clark,1996-03-25,abigail@example.com
10,Elizabeth Rodriguez,1997-05-30,elizabeth@example.com
11,Samantha Lee,1998-07-31,samantha@example.com
12,Lily Lewis,1999-09-30,lily@example.com
13,Chloe Lee,2000-11-30,chloe@example.com
14,Samantha Williams,2001-03-25,samantha@example.com
15,Mia Anderson,2002-05-30,mia@example.com
16,Sophia Garcia,2003-07-31,sophia@example.com
17,Olivia Davis,2004-09-30,olivia@example.com
18,Isabella Lewis,2005-11-30,isabella@example.com
19,Ava Rodriguez,2006-03-25,ava@example.com
20,Chloe Hernandez,2007-05-30,chloe@example.com
T20,Rin,2005-09-01,rin@gmail.com
